date,description,amount,type,category,merchant
2024-09-26,Daily Sales Settlement,79236.49,credit,Sales Revenue,Payment Gateway
2024-09-27,Daily Sales Settlement,83077.18,credit,Sales Revenue,Payment Gateway
2024-09-28,Daily Sales Settlement,73826.47,credit,Sales Revenue,Payment Gateway
2024-09-29,Daily Sales Settlement,72705.85,credit,Sales Revenue,Payment Gateway
2024-09-29,Supplier Payment / Overheads,36595.28783806521,debit,Payroll,Various Vendors
2024-09-30,Daily Sales Settlement,83228.18,credit,Sales Revenue,Payment Gateway
2024-10-01,Daily Sales Settlement,77625.48,credit,Sales Revenue,Payment Gateway
2024-10-02,Daily Sales Settlement,83060.8,credit,Sales Revenue,Payment Gateway
2024-10-02,Supplier Payment / Overheads,30746.830763271606,debit,Marketing,Various Vendors
2024-10-03,Daily Sales Settlement,73692.24,credit,Sales Revenue,Payment Gateway
2024-10-04,Daily Sales Settlement,86761.31,credit,Sales Revenue,Payment Gateway
2024-10-05,Daily Sales Settlement,69631.88,credit,Sales Revenue,Payment Gateway
2024-10-06,Daily Sales Settlement,89706.1,credit,Sales Revenue,Payment Gateway
2024-10-07,Daily Sales Settlement,77779.8,credit,Sales Revenue,Payment Gateway
2024-10-08,Daily Sales Settlement,65742.65,credit,Sales Revenue,Payment Gateway
2024-10-09,Daily Sales Settlement,95777.34,credit,Sales Revenue,Payment Gateway
2024-10-10,Daily Sales Settlement,94079.21,credit,Sales Revenue,Payment Gateway
2024-10-11,Daily Sales Settlement,79865.63,credit,Sales Revenue,Payment Gateway
2024-10-12,Daily Sales Settlement,66042.39,credit,Sales Revenue,Payment Gateway
2024-10-13,Daily Sales Settlement,75932.12,credit,Sales Revenue,Payment Gateway
2024-10-14,Daily Sales Settlement,84961.33,credit,Sales Revenue,Payment Gateway
2024-10-14,Supplier Payment / Overheads,47763.58707355851,debit,Payroll,Various Vendors
2024-10-15,Daily Sales Settlement,90206.99,credit,Sales Revenue,Payment Gateway
2024-10-15,Supplier Payment / Overheads,41417.74802129743,debit,Rent,Various Vendors
2024-10-16,Daily Sales Settlement,80769.97,credit,Sales Revenue,Payment Gateway
2024-10-17,Daily Sales Settlement,81356.18,credit,Sales Revenue,Payment Gateway
2024-10-18,Daily Sales Settlement,74005.9,credit,Sales Revenue,Payment Gateway
2024-10-19,Daily Sales Settlement,78632.67,credit,Sales Revenue,Payment Gateway
2024-10-19,Supplier Payment / Overheads,32584.18180648435,debit,Marketing,Various Vendors
2024-10-20,Daily Sales Settlement,80960.99,credit,Sales Revenue,Payment Gateway
2024-10-21,Daily Sales Settlement,95117.24,credit,Sales Revenue,Payment Gateway
2024-10-22,Daily Sales Settlement,65228.11,credit,Sales Revenue,Payment Gateway
2024-10-23,Daily Sales Settlement,80192.13,credit,Sales Revenue,Payment Gateway
2024-10-24,Daily Sales Settlement,78098.8,credit,Sales Revenue,Payment Gateway
2024-10-25,Daily Sales Settlement,68261.58,credit,Sales Revenue,Payment Gateway
2024-10-25,Supplier Payment / Overheads,41178.13616412502,debit,Marketing,Various Vendors
2024-10-26,Daily Sales Settlement,76268.87,credit,Sales Revenue,Payment Gateway
2024-10-27,Daily Sales Settlement,87393.98,credit,Sales Revenue,Payment Gateway
2024-10-27,Supplier Payment / Overheads,41082.91432115082,debit,Payroll,Various Vendors
2024-10-28,Daily Sales Settlement,89535.48,credit,Sales Revenue,Payment Gateway
2024-10-29,Daily Sales Settlement,66987.19,credit,Sales Revenue,Payment Gateway
2024-10-29,Supplier Payment / Overheads,33907.3632352316,debit,Rent,Various Vendors
2024-10-30,Daily Sales Settlement,95253.57,credit,Sales Revenue,Payment Gateway
2024-10-31,Daily Sales Settlement,83884.48,credit,Sales Revenue,Payment Gateway
2024-11-01,Daily Sales Settlement,101774.38,credit,Sales Revenue,Payment Gateway
2024-11-02,Daily Sales Settlement,89811.83,credit,Sales Revenue,Payment Gateway
2024-11-03,Daily Sales Settlement,123269.14,credit,Sales Revenue,Payment Gateway
2024-11-03,Supplier Payment / Overheads,48836.57056128221,debit,COGS,Various Vendors
2024-11-04,Daily Sales Settlement,117691.27,credit,Sales Revenue,Payment Gateway
2024-11-04,Supplier Payment / Overheads,54131.2557537842,debit,Rent,Various Vendors
2024-11-05,Daily Sales Settlement,87961.47,credit,Sales Revenue,Payment Gateway
2024-11-06,Daily Sales Settlement,126864.38,credit,Sales Revenue,Payment Gateway
2024-11-06,Supplier Payment / Overheads,77083.8600343405,debit,Payroll,Various Vendors
2024-11-07,Daily Sales Settlement,119998.92,credit,Sales Revenue,Payment Gateway
2024-11-08,Daily Sales Settlement,105845.92,credit,Sales Revenue,Payment Gateway
2024-11-09,Daily Sales Settlement,106983.17,credit,Sales Revenue,Payment Gateway
2024-11-10,Daily Sales Settlement,114765.75,credit,Sales Revenue,Payment Gateway
2024-11-11,Daily Sales Settlement,106201.88,credit,Sales Revenue,Payment Gateway
2024-11-12,Daily Sales Settlement,121620.37,credit,Sales Revenue,Payment Gateway
2024-11-13,Daily Sales Settlement,124142.09,credit,Sales Revenue,Payment Gateway
2024-11-14,Daily Sales Settlement,102364.43,credit,Sales Revenue,Payment Gateway
2024-11-15,Daily Sales Settlement,121042.8,credit,Sales Revenue,Payment Gateway
2024-11-16,Daily Sales Settlement,112512.04,credit,Sales Revenue,Payment Gateway
2024-11-17,Daily Sales Settlement,115041.69,credit,Sales Revenue,Payment Gateway
2024-11-18,Daily Sales Settlement,96763.13,credit,Sales Revenue,Payment Gateway
2024-11-19,Daily Sales Settlement,91761.4,credit,Sales Revenue,Payment Gateway
2024-11-19,Supplier Payment / Overheads,37121.2656808102,debit,Marketing,Various Vendors
2024-11-20,Daily Sales Settlement,118003.64,credit,Sales Revenue,Payment Gateway
2024-11-20,Supplier Payment / Overheads,46674.15005166805,debit,COGS,Various Vendors
2024-11-21,Daily Sales Settlement,110853.36,credit,Sales Revenue,Payment Gateway
2024-11-22,Daily Sales Settlement,90465.03,credit,Sales Revenue,Payment Gateway
2024-11-22,Supplier Payment / Overheads,41546.982097276596,debit,COGS,Various Vendors
2024-11-23,Daily Sales Settlement,120600.08,credit,Sales Revenue,Payment Gateway
2024-11-24,Daily Sales Settlement,124895.09,credit,Sales Revenue,Payment Gateway
2024-11-24,Supplier Payment / Overheads,73790.14357942202,debit,Payroll,Various Vendors
2024-11-25,Daily Sales Settlement,95390.29,credit,Sales Revenue,Payment Gateway
2024-11-25,Supplier Payment / Overheads,50087.84368269125,debit,COGS,Various Vendors
2024-11-26,Daily Sales Settlement,124139.79,credit,Sales Revenue,Payment Gateway
2024-11-27,Daily Sales Settlement,100613.93,credit,Sales Revenue,Payment Gateway
2024-11-28,Daily Sales Settlement,88237.13,credit,Sales Revenue,Payment Gateway
2024-11-28,Supplier Payment / Overheads,52969.61936090642,debit,Rent,Various Vendors
2024-11-29,Daily Sales Settlement,95499.86,credit,Sales Revenue,Payment Gateway
2024-11-29,Supplier Payment / Overheads,37316.86229178178,debit,Payroll,Various Vendors
2024-11-30,Daily Sales Settlement,92747.27,credit,Sales Revenue,Payment Gateway
2024-11-30,Supplier Payment / Overheads,53066.41075409591,debit,Payroll,Various Vendors
2024-12-01,Daily Sales Settlement,116136.71,credit,Sales Revenue,Payment Gateway
2024-12-02,Daily Sales Settlement,113836.31,credit,Sales Revenue,Payment Gateway
2024-12-03,Daily Sales Settlement,107464.25,credit,Sales Revenue,Payment Gateway
2024-12-04,Daily Sales Settlement,117257.11,credit,Sales Revenue,Payment Gateway
2024-12-05,Daily Sales Settlement,93663.58,credit,Sales Revenue,Payment Gateway
2024-12-06,Daily Sales Settlement,106376.24,credit,Sales Revenue,Payment Gateway
2024-12-06,Supplier Payment / Overheads,63640.04620242203,debit,Rent,Various Vendors
2024-12-07,Daily Sales Settlement,125804.53,credit,Sales Revenue,Payment Gateway
2024-12-08,Daily Sales Settlement,102081.09,credit,Sales Revenue,Payment Gateway
2024-12-09,Daily Sales Settlement,99219.5,credit,Sales Revenue,Payment Gateway
2024-12-10,Daily Sales Settlement,110992.89,credit,Sales Revenue,Payment Gateway
2024-12-10,Supplier Payment / Overheads,68644.18535151712,debit,Payroll,Various Vendors
2024-12-11,Daily Sales Settlement,111143.62,credit,Sales Revenue,Payment Gateway
2024-12-11,Supplier Payment / Overheads,43449.617956211616,debit,Payroll,Various Vendors
2024-12-12,Daily Sales Settlement,121454.22,credit,Sales Revenue,Payment Gateway
2024-12-13,Daily Sales Settlement,87595.25,credit,Sales Revenue,Payment Gateway
2024-12-14,Daily Sales Settlement,91368.06,credit,Sales Revenue,Payment Gateway
2024-12-15,Daily Sales Settlement,89222.41,credit,Sales Revenue,Payment Gateway
2024-12-16,Daily Sales Settlement,87852.55,credit,Sales Revenue,Payment Gateway
2024-12-16,Supplier Payment / Overheads,51769.49612194737,debit,Rent,Various Vendors
2024-12-17,Daily Sales Settlement,115068.6,credit,Sales Revenue,Payment Gateway
2024-12-18,Daily Sales Settlement,115552.52,credit,Sales Revenue,Payment Gateway
2024-12-19,Daily Sales Settlement,91080.1,credit,Sales Revenue,Payment Gateway
2024-12-20,Daily Sales Settlement,117123.9,credit,Sales Revenue,Payment Gateway
2024-12-21,Daily Sales Settlement,129609.18,credit,Sales Revenue,Payment Gateway
2024-12-22,Daily Sales Settlement,105151.8,credit,Sales Revenue,Payment Gateway
2024-12-23,Daily Sales Settlement,90952.14,credit,Sales Revenue,Payment Gateway
2024-12-24,Daily Sales Settlement,127688.3,credit,Sales Revenue,Payment Gateway
2024-12-25,Daily Sales Settlement,127237.48,credit,Sales Revenue,Payment Gateway
2024-12-25,Supplier Payment / Overheads,79104.18642368712,debit,Rent,Various Vendors
2024-12-26,Daily Sales Settlement,118249.79,credit,Sales Revenue,Payment Gateway
2024-12-27,Daily Sales Settlement,89963.09,credit,Sales Revenue,Payment Gateway
2024-12-28,Daily Sales Settlement,114637.43,credit,Sales Revenue,Payment Gateway
2024-12-29,Daily Sales Settlement,92742.09,credit,Sales Revenue,Payment Gateway
2024-12-30,Daily Sales Settlement,127120.65,credit,Sales Revenue,Payment Gateway
2024-12-30,Supplier Payment / Overheads,53978.295532092576,debit,COGS,Various Vendors
2024-12-31,Daily Sales Settlement,127756.84,credit,Sales Revenue,Payment Gateway
2025-01-01,Daily Sales Settlement,102948.09,credit,Sales Revenue,Payment Gateway
2025-01-01,Supplier Payment / Overheads,41724.927287566614,debit,Rent,Various Vendors
2025-01-02,Daily Sales Settlement,89575.2,credit,Sales Revenue,Payment Gateway
2025-01-02,Supplier Payment / Overheads,55353.19467584477,debit,Payroll,Various Vendors
2025-01-03,Daily Sales Settlement,99119.95,credit,Sales Revenue,Payment Gateway
2025-01-03,Supplier Payment / Overheads,61115.25391484742,debit,Marketing,Various Vendors
2025-01-04,Daily Sales Settlement,96484.63,credit,Sales Revenue,Payment Gateway
2025-01-04,Supplier Payment / Overheads,35283.07955834097,debit,COGS,Various Vendors
2025-01-05,Daily Sales Settlement,125061.65,credit,Sales Revenue,Payment Gateway
2025-01-06,Daily Sales Settlement,113674.33,credit,Sales Revenue,Payment Gateway
2025-01-07,Daily Sales Settlement,116321.27,credit,Sales Revenue,Payment Gateway
2025-01-08,Daily Sales Settlement,127982.51,credit,Sales Revenue,Payment Gateway
2025-01-08,Supplier Payment / Overheads,44729.55108510439,debit,Rent,Various Vendors
2025-01-09,Daily Sales Settlement,89335.48,credit,Sales Revenue,Payment Gateway
2025-01-10,Daily Sales Settlement,95465.43,credit,Sales Revenue,Payment Gateway
2025-01-10,Supplier Payment / Overheads,52673.258192889494,debit,Payroll,Various Vendors
2025-01-11,Daily Sales Settlement,111177.29,credit,Sales Revenue,Payment Gateway
2025-01-12,Daily Sales Settlement,105918.02,credit,Sales Revenue,Payment Gateway
2025-01-13,Daily Sales Settlement,111105.82,credit,Sales Revenue,Payment Gateway
2025-01-14,Daily Sales Settlement,126885.72,credit,Sales Revenue,Payment Gateway
2025-01-14,Supplier Payment / Overheads,80351.2690860106,debit,Rent,Various Vendors
2025-01-15,Daily Sales Settlement,109447.04,credit,Sales Revenue,Payment Gateway
2025-01-15,Supplier Payment / Overheads,62246.18585740298,debit,Rent,Various Vendors
2025-01-16,Daily Sales Settlement,119609.76,credit,Sales Revenue,Payment Gateway
2025-01-16,Supplier Payment / Overheads,72738.95701251355,debit,Payroll,Various Vendors
2025-01-17,Daily Sales Settlement,90166.51,credit,Sales Revenue,Payment Gateway
2025-01-17,Supplier Payment / Overheads,54470.178656690965,debit,COGS,Various Vendors
2025-01-18,Daily Sales Settlement,91474.46,credit,Sales Revenue,Payment Gateway
2025-01-19,Daily Sales Settlement,126299.07,credit,Sales Revenue,Payment Gateway
2025-01-20,Daily Sales Settlement,131549.1,credit,Sales Revenue,Payment Gateway
2025-01-21,Daily Sales Settlement,105737.77,credit,Sales Revenue,Payment Gateway
2025-01-21,Supplier Payment / Overheads,36850.74734777345,debit,COGS,Various Vendors
2025-01-22,Daily Sales Settlement,107419.19,credit,Sales Revenue,Payment Gateway
2025-01-23,Daily Sales Settlement,129234.94,credit,Sales Revenue,Payment Gateway
2025-01-24,Daily Sales Settlement,104823.48,credit,Sales Revenue,Payment Gateway
2025-01-24,Supplier Payment / Overheads,71175.80709331266,debit,COGS,Various Vendors
2025-01-25,Daily Sales Settlement,119991.96,credit,Sales Revenue,Payment Gateway
2025-01-26,Daily Sales Settlement,90734.12,credit,Sales Revenue,Payment Gateway
2025-01-27,Daily Sales Settlement,117272.57,credit,Sales Revenue,Payment Gateway
2025-01-28,Daily Sales Settlement,110236.09,credit,Sales Revenue,Payment Gateway
2025-01-29,Daily Sales Settlement,119361.43,credit,Sales Revenue,Payment Gateway
2025-01-30,Daily Sales Settlement,128877.38,credit,Sales Revenue,Payment Gateway
2025-01-30,Supplier Payment / Overheads,54107.63757445906,debit,Payroll,Various Vendors
2025-01-31,Daily Sales Settlement,129273.15,credit,Sales Revenue,Payment Gateway
2025-02-01,Daily Sales Settlement,92715.42,credit,Sales Revenue,Payment Gateway
2025-02-01,Supplier Payment / Overheads,47887.094321061995,debit,Rent,Various Vendors
2025-02-02,Daily Sales Settlement,91152.76,credit,Sales Revenue,Payment Gateway
2025-02-03,Daily Sales Settlement,78955.51,credit,Sales Revenue,Payment Gateway
2025-02-04,Daily Sales Settlement,72073.72,credit,Sales Revenue,Payment Gateway
2025-02-05,Daily Sales Settlement,70194.1,credit,Sales Revenue,Payment Gateway
2025-02-06,Daily Sales Settlement,94022.92,credit,Sales Revenue,Payment Gateway
2025-02-07,Daily Sales Settlement,71553.16,credit,Sales Revenue,Payment Gateway
2025-02-08,Daily Sales Settlement,99160.03,credit,Sales Revenue,Payment Gateway
2025-02-09,Daily Sales Settlement,79712.32,credit,Sales Revenue,Payment Gateway
2025-02-10,Daily Sales Settlement,75934.19,credit,Sales Revenue,Payment Gateway
2025-02-10,Supplier Payment / Overheads,47935.43713740148,debit,Payroll,Various Vendors
2025-02-11,Daily Sales Settlement,79304.35,credit,Sales Revenue,Payment Gateway
2025-02-11,Supplier Payment / Overheads,42152.78033082501,debit,COGS,Various Vendors
2025-02-12,Daily Sales Settlement,79413.5,credit,Sales Revenue,Payment Gateway
2025-02-13,Daily Sales Settlement,80137.12,credit,Sales Revenue,Payment Gateway
2025-02-14,Daily Sales Settlement,96704.67,credit,Sales Revenue,Payment Gateway
2025-02-14,Supplier Payment / Overheads,54215.140745094366,debit,COGS,Various Vendors
2025-02-15,Daily Sales Settlement,91681.08,credit,Sales Revenue,Payment Gateway
2025-02-16,Daily Sales Settlement,74264.21,credit,Sales Revenue,Payment Gateway
2025-02-17,Daily Sales Settlement,103316.28,credit,Sales Revenue,Payment Gateway
2025-02-17,Supplier Payment / Overheads,67631.69186674067,debit,COGS,Various Vendors
2025-02-18,Daily Sales Settlement,94500.59,credit,Sales Revenue,Payment Gateway
2025-02-19,Daily Sales Settlement,70620.24,credit,Sales Revenue,Payment Gateway
2025-02-20,Daily Sales Settlement,82514.13,credit,Sales Revenue,Payment Gateway
2025-02-20,Supplier Payment / Overheads,40383.55506839932,debit,COGS,Various Vendors
2025-02-21,Daily Sales Settlement,72408.51,credit,Sales Revenue,Payment Gateway
2025-02-22,Daily Sales Settlement,79010.28,credit,Sales Revenue,Payment Gateway
2025-02-23,Daily Sales Settlement,94660.53,credit,Sales Revenue,Payment Gateway
2025-02-23,Supplier Payment / Overheads,59436.64106916179,debit,Marketing,Various Vendors
2025-02-24,Daily Sales Settlement,80303.08,credit,Sales Revenue,Payment Gateway
2025-02-25,Daily Sales Settlement,94847.24,credit,Sales Revenue,Payment Gateway
2025-02-25,Supplier Payment / Overheads,50476.26812840948,debit,COGS,Various Vendors
2025-02-26,Daily Sales Settlement,87187.49,credit,Sales Revenue,Payment Gateway
2025-02-26,Supplier Payment / Overheads,47781.446632323714,debit,COGS,Various Vendors
2025-02-27,Daily Sales Settlement,100540.12,credit,Sales Revenue,Payment Gateway
2025-02-27,Supplier Payment / Overheads,54378.432082938656,debit,Rent,Various Vendors
2025-02-28,Daily Sales Settlement,89272.47,credit,Sales Revenue,Payment Gateway
2025-02-28,Supplier Payment / Overheads,42678.13594746409,debit,Marketing,Various Vendors
2025-03-01,Daily Sales Settlement,77567.38,credit,Sales Revenue,Payment Gateway
2025-03-02,Daily Sales Settlement,73404.7,credit,Sales Revenue,Payment Gateway
2025-03-03,Daily Sales Settlement,95701.76,credit,Sales Revenue,Payment Gateway
2025-03-04,Daily Sales Settlement,76360.83,credit,Sales Revenue,Payment Gateway
2025-03-05,Daily Sales Settlement,73720.28,credit,Sales Revenue,Payment Gateway
2025-03-06,Daily Sales Settlement,94520.85,credit,Sales Revenue,Payment Gateway
2025-03-06,Supplier Payment / Overheads,57840.919096022444,debit,Rent,Various Vendors
2025-03-07,Daily Sales Settlement,81539.21,credit,Sales Revenue,Payment Gateway
2025-03-08,Daily Sales Settlement,98799.69,credit,Sales Revenue,Payment Gateway
2025-03-09,Daily Sales Settlement,91302.86,credit,Sales Revenue,Payment Gateway
2025-03-10,Daily Sales Settlement,99004.58,credit,Sales Revenue,Payment Gateway
2025-03-10,Supplier Payment / Overheads,50834.64596349228,debit,Payroll,Various Vendors
2025-03-11,Daily Sales Settlement,96712.04,credit,Sales Revenue,Payment Gateway
2025-03-12,Daily Sales Settlement,103520.39,credit,Sales Revenue,Payment Gateway
2025-03-13,Daily Sales Settlement,92879.09,credit,Sales Revenue,Payment Gateway
2025-03-14,Daily Sales Settlement,79150.41,credit,Sales Revenue,Payment Gateway
2025-03-15,Daily Sales Settlement,90063.74,credit,Sales Revenue,Payment Gateway
2025-03-16,Daily Sales Settlement,74518.27,credit,Sales Revenue,Payment Gateway
2025-03-16,Supplier Payment / Overheads,42705.744560556246,debit,Payroll,Various Vendors
2025-03-17,Daily Sales Settlement,97758.17,credit,Sales Revenue,Payment Gateway
2025-03-18,Daily Sales Settlement,96454.06,credit,Sales Revenue,Payment Gateway
2025-03-18,Supplier Payment / Overheads,54376.7220175479,debit,COGS,Various Vendors
2025-03-19,Daily Sales Settlement,83618.97,credit,Sales Revenue,Payment Gateway
2025-03-20,Daily Sales Settlement,91202.62,credit,Sales Revenue,Payment Gateway
2025-03-21,Daily Sales Settlement,104705.51,credit,Sales Revenue,Payment Gateway
2025-03-22,Daily Sales Settlement,98246.74,credit,Sales Revenue,Payment Gateway
2025-03-23,Daily Sales Settlement,89943.06,credit,Sales Revenue,Payment Gateway
2025-03-24,Daily Sales Settlement,95509.59,credit,Sales Revenue,Payment Gateway
2025-03-24,Supplier Payment / Overheads,41886.01261894339,debit,Payroll,Various Vendors
2025-03-25,Daily Sales Settlement,105596.38,credit,Sales Revenue,Payment Gateway
2025-03-26,Daily Sales Settlement,99294.82,credit,Sales Revenue,Payment Gateway
2025-03-27,Daily Sales Settlement,70570.37,credit,Sales Revenue,Payment Gateway
2025-03-28,Daily Sales Settlement,89472.41,credit,Sales Revenue,Payment Gateway
2025-03-29,Daily Sales Settlement,90565.66,credit,Sales Revenue,Payment Gateway
2025-03-30,Daily Sales Settlement,73364.51,credit,Sales Revenue,Payment Gateway
2025-03-31,Daily Sales Settlement,86938.02,credit,Sales Revenue,Payment Gateway
2025-04-01,Daily Sales Settlement,98119.31,credit,Sales Revenue,Payment Gateway
2025-04-02,Daily Sales Settlement,104452.61,credit,Sales Revenue,Payment Gateway
2025-04-03,Daily Sales Settlement,99058.64,credit,Sales Revenue,Payment Gateway
2025-04-03,Supplier Payment / Overheads,34482.037095143955,debit,Payroll,Various Vendors
2025-04-04,Daily Sales Settlement,88717.01,credit,Sales Revenue,Payment Gateway
2025-04-05,Daily Sales Settlement,76752.78,credit,Sales Revenue,Payment Gateway
2025-04-06,Daily Sales Settlement,73646.58,credit,Sales Revenue,Payment Gateway
2025-04-07,Daily Sales Settlement,102149.94,credit,Sales Revenue,Payment Gateway
2025-04-08,Daily Sales Settlement,93226.89,credit,Sales Revenue,Payment Gateway
2025-04-09,Daily Sales Settlement,102259.73,credit,Sales Revenue,Payment Gateway
2025-04-10,Daily Sales Settlement,82664.42,credit,Sales Revenue,Payment Gateway
2025-04-10,Supplier Payment / Overheads,37339.87313571823,debit,Rent,Various Vendors
2025-04-11,Daily Sales Settlement,104957.22,credit,Sales Revenue,Payment Gateway
2025-04-12,Daily Sales Settlement,77648.78,credit,Sales Revenue,Payment Gateway
2025-04-12,Supplier Payment / Overheads,36538.90440533846,debit,COGS,Various Vendors
2025-04-13,Daily Sales Settlement,82291.54,credit,Sales Revenue,Payment Gateway
2025-04-14,Daily Sales Settlement,71272.83,credit,Sales Revenue,Payment Gateway
2025-04-15,Daily Sales Settlement,73952.35,credit,Sales Revenue,Payment Gateway
2025-04-15,Supplier Payment / Overheads,30816.08322607493,debit,COGS,Various Vendors
2025-04-16,Daily Sales Settlement,91469.39,credit,Sales Revenue,Payment Gateway
2025-04-17,Daily Sales Settlement,98461.59,credit,Sales Revenue,Payment Gateway
2025-04-17,Supplier Payment / Overheads,52994.65137159584,debit,COGS,Various Vendors
2025-04-18,Daily Sales Settlement,101873.02,credit,Sales Revenue,Payment Gateway
2025-04-19,Daily Sales Settlement,71491.67,credit,Sales Revenue,Payment Gateway
2025-04-19,Supplier Payment / Overheads,29204.928884710025,debit,COGS,Various Vendors
2025-04-20,Daily Sales Settlement,80157.8,credit,Sales Revenue,Payment Gateway
2025-04-20,Supplier Payment / Overheads,35310.947316529935,debit,COGS,Various Vendors
2025-04-21,Daily Sales Settlement,86483.91,credit,Sales Revenue,Payment Gateway
2025-04-21,Supplier Payment / Overheads,55920.232804471176,debit,Marketing,Various Vendors
2025-04-22,Daily Sales Settlement,82531.98,credit,Sales Revenue,Payment Gateway
2025-04-23,Daily Sales Settlement,76690.9,credit,Sales Revenue,Payment Gateway
2025-04-24,Daily Sales Settlement,93172.56,credit,Sales Revenue,Payment Gateway
2025-04-24,Supplier Payment / Overheads,35632.1590290145,debit,Marketing,Various Vendors
2025-04-25,Daily Sales Settlement,86853.01,credit,Sales Revenue,Payment Gateway
2025-04-26,Daily Sales Settlement,89238.99,credit,Sales Revenue,Payment Gateway
2025-04-27,Daily Sales Settlement,89266.12,credit,Sales Revenue,Payment Gateway
2025-04-28,Daily Sales Settlement,73440.95,credit,Sales Revenue,Payment Gateway
2025-04-29,Daily Sales Settlement,96256.0,credit,Sales Revenue,Payment Gateway
2025-04-29,Supplier Payment / Overheads,50789.383759912416,debit,COGS,Various Vendors
2025-04-30,Daily Sales Settlement,101034.86,credit,Sales Revenue,Payment Gateway
2025-05-01,Daily Sales Settlement,97658.64,credit,Sales Revenue,Payment Gateway
2025-05-01,Supplier Payment / Overheads,53315.43924116553,debit,COGS,Various Vendors
2025-05-02,Daily Sales Settlement,90611.23,credit,Sales Revenue,Payment Gateway
2025-05-02,Supplier Payment / Overheads,59866.87987056737,debit,Payroll,Various Vendors
2025-05-03,Daily Sales Settlement,80772.23,credit,Sales Revenue,Payment Gateway
2025-05-03,Supplier Payment / Overheads,54309.386460450565,debit,COGS,Various Vendors
2025-05-04,Daily Sales Settlement,94326.1,credit,Sales Revenue,Payment Gateway
2025-05-04,Supplier Payment / Overheads,43962.80616484503,debit,Rent,Various Vendors
2025-05-05,Daily Sales Settlement,103206.66,credit,Sales Revenue,Payment Gateway
2025-05-06,Daily Sales Settlement,73116.62,credit,Sales Revenue,Payment Gateway
2025-05-07,Daily Sales Settlement,72807.72,credit,Sales Revenue,Payment Gateway
2025-05-07,Supplier Payment / Overheads,29354.24573587341,debit,Rent,Various Vendors
2025-05-08,Daily Sales Settlement,94139.81,credit,Sales Revenue,Payment Gateway
2025-05-08,Supplier Payment / Overheads,31633.815403456254,debit,Payroll,Various Vendors
2025-05-09,Daily Sales Settlement,94344.74,credit,Sales Revenue,Payment Gateway
2025-05-09,Supplier Payment / Overheads,31596.93984681466,debit,COGS,Various Vendors
2025-05-10,Daily Sales Settlement,89239.01,credit,Sales Revenue,Payment Gateway
2025-05-11,Daily Sales Settlement,97315.02,credit,Sales Revenue,Payment Gateway
2025-05-12,Daily Sales Settlement,98384.09,credit,Sales Revenue,Payment Gateway
2025-05-13,Daily Sales Settlement,84747.56,credit,Sales Revenue,Payment Gateway
2025-05-14,Daily Sales Settlement,81583.1,credit,Sales Revenue,Payment Gateway
2025-05-15,Daily Sales Settlement,97023.58,credit,Sales Revenue,Payment Gateway
2025-05-15,Supplier Payment / Overheads,39913.18775041107,debit,Payroll,Various Vendors
2025-05-16,Daily Sales Settlement,85765.51,credit,Sales Revenue,Payment Gateway
2025-05-17,Daily Sales Settlement,101769.22,credit,Sales Revenue,Payment Gateway
2025-05-18,Daily Sales Settlement,106739.69,credit,Sales Revenue,Payment Gateway
2025-05-19,Daily Sales Settlement,93895.94,credit,Sales Revenue,Payment Gateway
2025-05-20,Daily Sales Settlement,102872.74,credit,Sales Revenue,Payment Gateway
2025-05-21,Daily Sales Settlement,99999.15,credit,Sales Revenue,Payment Gateway
2025-05-22,Daily Sales Settlement,107296.1,credit,Sales Revenue,Payment Gateway
2025-05-23,Daily Sales Settlement,94664.81,credit,Sales Revenue,Payment Gateway
2025-05-24,Daily Sales Settlement,99727.74,credit,Sales Revenue,Payment Gateway
2025-05-25,Daily Sales Settlement,82677.42,credit,Sales Revenue,Payment Gateway
2025-05-26,Daily Sales Settlement,77604.72,credit,Sales Revenue,Payment Gateway
2025-05-27,Daily Sales Settlement,92781.92,credit,Sales Revenue,Payment Gateway
2025-05-28,Daily Sales Settlement,85701.49,credit,Sales Revenue,Payment Gateway
2025-05-29,Daily Sales Settlement,94366.53,credit,Sales Revenue,Payment Gateway
2025-05-30,Daily Sales Settlement,105779.03,credit,Sales Revenue,Payment Gateway
2025-05-31,Daily Sales Settlement,90811.64,credit,Sales Revenue,Payment Gateway
2025-06-01,Daily Sales Settlement,91208.67,credit,Sales Revenue,Payment Gateway
2025-06-01,Supplier Payment / Overheads,65083.77213733297,debit,Marketing,Various Vendors
2025-06-02,Daily Sales Settlement,86670.58,credit,Sales Revenue,Payment Gateway
2025-06-02,Supplier Payment / Overheads,52044.84700824213,debit,Rent,Various Vendors
2025-06-03,Daily Sales Settlement,71660.54,credit,Sales Revenue,Payment Gateway
2025-06-04,Daily Sales Settlement,79720.72,credit,Sales Revenue,Payment Gateway
2025-06-05,Daily Sales Settlement,67927.83,credit,Sales Revenue,Payment Gateway
2025-06-06,Daily Sales Settlement,81750.95,credit,Sales Revenue,Payment Gateway
2025-06-07,Daily Sales Settlement,79085.83,credit,Sales Revenue,Payment Gateway
2025-06-08,Daily Sales Settlement,71482.78,credit,Sales Revenue,Payment Gateway
2025-06-09,Daily Sales Settlement,98456.55,credit,Sales Revenue,Payment Gateway
2025-06-10,Daily Sales Settlement,71800.31,credit,Sales Revenue,Payment Gateway
2025-06-11,Daily Sales Settlement,77508.03,credit,Sales Revenue,Payment Gateway
2025-06-12,Daily Sales Settlement,85742.91,credit,Sales Revenue,Payment Gateway
2025-06-13,Daily Sales Settlement,74302.99,credit,Sales Revenue,Payment Gateway
2025-06-14,Daily Sales Settlement,89834.84,credit,Sales Revenue,Payment Gateway
2025-06-15,Daily Sales Settlement,68997.99,credit,Sales Revenue,Payment Gateway
2025-06-15,Supplier Payment / Overheads,42505.0577202311,debit,Payroll,Various Vendors
2025-06-16,Daily Sales Settlement,67513.91,credit,Sales Revenue,Payment Gateway
2025-06-17,Daily Sales Settlement,74349.86,credit,Sales Revenue,Payment Gateway
2025-06-17,Supplier Payment / Overheads,42068.742041842095,debit,Marketing,Various Vendors
2025-06-18,Daily Sales Settlement,84344.39,credit,Sales Revenue,Payment Gateway
2025-06-19,Daily Sales Settlement,79436.84,credit,Sales Revenue,Payment Gateway
2025-06-20,Daily Sales Settlement,96909.8,credit,Sales Revenue,Payment Gateway
2025-06-21,Daily Sales Settlement,72380.61,credit,Sales Revenue,Payment Gateway
2025-06-21,Supplier Payment / Overheads,33235.56102224493,debit,Rent,Various Vendors
2025-06-22,Daily Sales Settlement,80189.71,credit,Sales Revenue,Payment Gateway
2025-06-23,Daily Sales Settlement,90612.21,credit,Sales Revenue,Payment Gateway
2025-06-23,Supplier Payment / Overheads,56689.93225372762,debit,Payroll,Various Vendors
2025-06-24,Daily Sales Settlement,90163.59,credit,Sales Revenue,Payment Gateway
2025-06-24,Supplier Payment / Overheads,58785.79816733442,debit,Marketing,Various Vendors
2025-06-25,Daily Sales Settlement,84198.03,credit,Sales Revenue,Payment Gateway
2025-06-25,Supplier Payment / Overheads,44083.744212769205,debit,COGS,Various Vendors
2025-06-26,Daily Sales Settlement,94637.67,credit,Sales Revenue,Payment Gateway
2025-06-27,Daily Sales Settlement,95611.06,credit,Sales Revenue,Payment Gateway
2025-06-28,Daily Sales Settlement,78787.34,credit,Sales Revenue,Payment Gateway
2025-06-29,Daily Sales Settlement,76264.66,credit,Sales Revenue,Payment Gateway
2025-06-30,Daily Sales Settlement,84850.86,credit,Sales Revenue,Payment Gateway
2025-07-01,Daily Sales Settlement,83766.99,credit,Sales Revenue,Payment Gateway
2025-07-02,Daily Sales Settlement,87341.79,credit,Sales Revenue,Payment Gateway
2025-07-03,Daily Sales Settlement,84992.18,credit,Sales Revenue,Payment Gateway
2025-07-03,Supplier Payment / Overheads,51474.67329205542,debit,Payroll,Various Vendors
2025-07-04,Daily Sales Settlement,68159.35,credit,Sales Revenue,Payment Gateway
2025-07-04,Supplier Payment / Overheads,40546.57778745401,debit,COGS,Various Vendors
2025-07-05,Daily Sales Settlement,95880.13,credit,Sales Revenue,Payment Gateway
2025-07-05,Supplier Payment / Overheads,67864.61732049249,debit,Marketing,Various Vendors
2025-07-06,Daily Sales Settlement,71133.56,credit,Sales Revenue,Payment Gateway
2025-07-07,Daily Sales Settlement,82210.78,credit,Sales Revenue,Payment Gateway
2025-07-08,Daily Sales Settlement,90359.67,credit,Sales Revenue,Payment Gateway
2025-07-09,Daily Sales Settlement,90187.06,credit,Sales Revenue,Payment Gateway
2025-07-10,Daily Sales Settlement,71385.13,credit,Sales Revenue,Payment Gateway
2025-07-11,Daily Sales Settlement,90776.86,credit,Sales Revenue,Payment Gateway
2025-07-12,Daily Sales Settlement,99243.47,credit,Sales Revenue,Payment Gateway
2025-07-13,Daily Sales Settlement,83028.95,credit,Sales Revenue,Payment Gateway
2025-07-14,Daily Sales Settlement,69376.09,credit,Sales Revenue,Payment Gateway
2025-07-14,Supplier Payment / Overheads,35761.48248159709,debit,COGS,Various Vendors
2025-07-15,Daily Sales Settlement,90247.45,credit,Sales Revenue,Payment Gateway
2025-07-15,Supplier Payment / Overheads,42890.74754355593,debit,Marketing,Various Vendors
2025-07-16,Daily Sales Settlement,91417.97,credit,Sales Revenue,Payment Gateway
2025-07-17,Daily Sales Settlement,91264.64,credit,Sales Revenue,Payment Gateway
2025-07-17,Supplier Payment / Overheads,64891.48299154724,debit,Payroll,Various Vendors
2025-07-18,Daily Sales Settlement,85669.48,credit,Sales Revenue,Payment Gateway
2025-07-19,Daily Sales Settlement,82406.39,credit,Sales Revenue,Payment Gateway
2025-07-19,Supplier Payment / Overheads,42459.9640370874,debit,Marketing,Various Vendors
2025-07-20,Daily Sales Settlement,99942.31,credit,Sales Revenue,Payment Gateway
2025-07-21,Daily Sales Settlement,89323.76,credit,Sales Revenue,Payment Gateway
2025-07-22,Daily Sales Settlement,91731.88,credit,Sales Revenue,Payment Gateway
2025-07-23,Daily Sales Settlement,93476.02,credit,Sales Revenue,Payment Gateway
2025-07-24,Daily Sales Settlement,92124.56,credit,Sales Revenue,Payment Gateway
2025-07-24,Supplier Payment / Overheads,39140.81550485878,debit,Marketing,Various Vendors
2025-07-25,Daily Sales Settlement,96824.63,credit,Sales Revenue,Payment Gateway
2025-07-25,Supplier Payment / Overheads,35335.81109957991,debit,Rent,Various Vendors
2025-07-26,Daily Sales Settlement,67308.64,credit,Sales Revenue,Payment Gateway
2025-07-27,Daily Sales Settlement,90542.27,credit,Sales Revenue,Payment Gateway
2025-07-28,Daily Sales Settlement,89615.29,credit,Sales Revenue,Payment Gateway
2025-07-29,Daily Sales Settlement,100755.65,credit,Sales Revenue,Payment Gateway
2025-07-30,Daily Sales Settlement,85067.3,credit,Sales Revenue,Payment Gateway
2025-07-31,Daily Sales Settlement,78098.03,credit,Sales Revenue,Payment Gateway
2025-07-31,Supplier Payment / Overheads,29169.665874084465,debit,Payroll,Various Vendors
2025-08-01,Daily Sales Settlement,111995.88,credit,Sales Revenue,Payment Gateway
2025-08-02,Daily Sales Settlement,93183.08,credit,Sales Revenue,Payment Gateway
2025-08-02,Supplier Payment / Overheads,55298.79236415196,debit,Marketing,Various Vendors
2025-08-03,Daily Sales Settlement,106314.13,credit,Sales Revenue,Payment Gateway
2025-08-04,Daily Sales Settlement,96661.17,credit,Sales Revenue,Payment Gateway
2025-08-04,Supplier Payment / Overheads,37778.44547260838,debit,Payroll,Various Vendors
2025-08-05,Daily Sales Settlement,108671.46,credit,Sales Revenue,Payment Gateway
2025-08-05,Supplier Payment / Overheads,47702.64116857198,debit,Marketing,Various Vendors
2025-08-06,Daily Sales Settlement,106707.3,credit,Sales Revenue,Payment Gateway
2025-08-06,Supplier Payment / Overheads,74628.47152193592,debit,Marketing,Various Vendors
2025-08-07,Daily Sales Settlement,91951.92,credit,Sales Revenue,Payment Gateway
2025-08-08,Daily Sales Settlement,103453.97,credit,Sales Revenue,Payment Gateway
2025-08-09,Daily Sales Settlement,79626.88,credit,Sales Revenue,Payment Gateway
2025-08-09,Supplier Payment / Overheads,45146.703057548875,debit,Rent,Various Vendors
2025-08-10,Daily Sales Settlement,86324.94,credit,Sales Revenue,Payment Gateway
2025-08-10,Supplier Payment / Overheads,39067.79086050363,debit,Payroll,Various Vendors
2025-08-11,Daily Sales Settlement,86779.3,credit,Sales Revenue,Payment Gateway
2025-08-12,Daily Sales Settlement,76324.34,credit,Sales Revenue,Payment Gateway
2025-08-13,Daily Sales Settlement,75439.17,credit,Sales Revenue,Payment Gateway
2025-08-14,Daily Sales Settlement,112294.83,credit,Sales Revenue,Payment Gateway
2025-08-14,Supplier Payment / Overheads,49630.830411941104,debit,Marketing,Various Vendors
2025-08-15,Daily Sales Settlement,98272.42,credit,Sales Revenue,Payment Gateway
2025-08-16,Daily Sales Settlement,78684.79,credit,Sales Revenue,Payment Gateway
2025-08-17,Daily Sales Settlement,91979.99,credit,Sales Revenue,Payment Gateway
2025-08-17,Supplier Payment / Overheads,60223.87844099935,debit,COGS,Various Vendors
2025-08-18,Daily Sales Settlement,77991.94,credit,Sales Revenue,Payment Gateway
2025-08-19,Daily Sales Settlement,92841.28,credit,Sales Revenue,Payment Gateway
2025-08-20,Daily Sales Settlement,92059.73,credit,Sales Revenue,Payment Gateway
2025-08-21,Daily Sales Settlement,87750.04,credit,Sales Revenue,Payment Gateway
2025-08-21,Supplier Payment / Overheads,43040.647827888446,debit,Marketing,Various Vendors
2025-08-22,Daily Sales Settlement,85855.31,credit,Sales Revenue,Payment Gateway
2025-08-23,Daily Sales Settlement,101519.49,credit,Sales Revenue,Payment Gateway
2025-08-24,Daily Sales Settlement,104277.9,credit,Sales Revenue,Payment Gateway
2025-08-25,Daily Sales Settlement,82100.66,credit,Sales Revenue,Payment Gateway
2025-08-26,Daily Sales Settlement,86643.13,credit,Sales Revenue,Payment Gateway
2025-08-27,Daily Sales Settlement,90240.64,credit,Sales Revenue,Payment Gateway
2025-08-28,Daily Sales Settlement,86582.89,credit,Sales Revenue,Payment Gateway
2025-08-29,Daily Sales Settlement,95409.06,credit,Sales Revenue,Payment Gateway
2025-08-30,Daily Sales Settlement,82155.67,credit,Sales Revenue,Payment Gateway
2025-08-31,Daily Sales Settlement,91825.92,credit,Sales Revenue,Payment Gateway
2025-08-31,Supplier Payment / Overheads,46911.51641596584,debit,COGS,Various Vendors
2025-09-01,Daily Sales Settlement,109352.95,credit,Sales Revenue,Payment Gateway
2025-09-02,Daily Sales Settlement,91386.3,credit,Sales Revenue,Payment Gateway
2025-09-02,Supplier Payment / Overheads,59090.794748058324,debit,Payroll,Various Vendors
2025-09-03,Daily Sales Settlement,97297.42,credit,Sales Revenue,Payment Gateway
2025-09-04,Daily Sales Settlement,85091.83,credit,Sales Revenue,Payment Gateway
2025-09-05,Daily Sales Settlement,112447.87,credit,Sales Revenue,Payment Gateway
2025-09-06,Daily Sales Settlement,99657.6,credit,Sales Revenue,Payment Gateway
2025-09-07,Daily Sales Settlement,102178.14,credit,Sales Revenue,Payment Gateway
2025-09-08,Daily Sales Settlement,110127.01,credit,Sales Revenue,Payment Gateway
2025-09-08,Supplier Payment / Overheads,46697.20220091074,debit,Marketing,Various Vendors
2025-09-09,Daily Sales Settlement,89670.05,credit,Sales Revenue,Payment Gateway
2025-09-10,Daily Sales Settlement,110834.0,credit,Sales Revenue,Payment Gateway
2025-09-11,Daily Sales Settlement,101760.23,credit,Sales Revenue,Payment Gateway
2025-09-12,Daily Sales Settlement,87740.72,credit,Sales Revenue,Payment Gateway
2025-09-13,Daily Sales Settlement,105941.8,credit,Sales Revenue,Payment Gateway
2025-09-14,Daily Sales Settlement,102927.84,credit,Sales Revenue,Payment Gateway
2025-09-14,Supplier Payment / Overheads,42914.269829123776,debit,COGS,Various Vendors
2025-09-15,Daily Sales Settlement,102265.49,credit,Sales Revenue,Payment Gateway
2025-09-15,Supplier Payment / Overheads,61842.74995893707,debit,Rent,Various Vendors
2025-09-16,Daily Sales Settlement,95764.61,credit,Sales Revenue,Payment Gateway
2025-09-17,Daily Sales Settlement,87149.25,credit,Sales Revenue,Payment Gateway
2025-09-17,Supplier Payment / Overheads,48861.25053483342,debit,COGS,Various Vendors
2025-09-18,Daily Sales Settlement,82390.31,credit,Sales Revenue,Payment Gateway
2025-09-19,Daily Sales Settlement,80965.74,credit,Sales Revenue,Payment Gateway
2025-09-20,Daily Sales Settlement,97788.98,credit,Sales Revenue,Payment Gateway
2025-09-20,Supplier Payment / Overheads,46767.55608453479,debit,Rent,Various Vendors
2025-09-21,Daily Sales Settlement,91807.92,credit,Sales Revenue,Payment Gateway
2025-09-21,Supplier Payment / Overheads,56441.49887969347,debit,COGS,Various Vendors
2025-09-22,Daily Sales Settlement,107119.03,credit,Sales Revenue,Payment Gateway
2025-09-23,Daily Sales Settlement,83722.5,credit,Sales Revenue,Payment Gateway
2025-09-23,Supplier Payment / Overheads,34253.85472826453,debit,COGS,Various Vendors
2025-09-24,Daily Sales Settlement,82606.13,credit,Sales Revenue,Payment Gateway
2025-09-25,Daily Sales Settlement,94430.39,credit,Sales Revenue,Payment Gateway
2025-09-26,Daily Sales Settlement,104203.59,credit,Sales Revenue,Payment Gateway
2025-09-27,Daily Sales Settlement,94107.44,credit,Sales Revenue,Payment Gateway
2025-09-27,Supplier Payment / Overheads,53192.523603014226,debit,Payroll,Various Vendors
2025-09-28,Daily Sales Settlement,96601.8,credit,Sales Revenue,Payment Gateway
2025-09-28,Supplier Payment / Overheads,63241.50531644891,debit,Payroll,Various Vendors
2025-09-29,Daily Sales Settlement,109722.92,credit,Sales Revenue,Payment Gateway
2025-09-30,Daily Sales Settlement,100549.0,credit,Sales Revenue,Payment Gateway
2025-10-01,Daily Sales Settlement,104342.26,credit,Sales Revenue,Payment Gateway
2025-10-02,Daily Sales Settlement,98043.79,credit,Sales Revenue,Payment Gateway
2025-10-02,Supplier Payment / Overheads,64441.860564021685,debit,COGS,Various Vendors
2025-10-03,Daily Sales Settlement,90271.33,credit,Sales Revenue,Payment Gateway
2025-10-03,Supplier Payment / Overheads,33580.87369150261,debit,COGS,Various Vendors
2025-10-04,Daily Sales Settlement,103068.21,credit,Sales Revenue,Payment Gateway
2025-10-05,Daily Sales Settlement,101772.12,credit,Sales Revenue,Payment Gateway
2025-10-06,Daily Sales Settlement,115833.87,credit,Sales Revenue,Payment Gateway
2025-10-07,Daily Sales Settlement,104724.71,credit,Sales Revenue,Payment Gateway
2025-10-08,Daily Sales Settlement,84559.21,credit,Sales Revenue,Payment Gateway
2025-10-09,Daily Sales Settlement,108606.8,credit,Sales Revenue,Payment Gateway
2025-10-10,Daily Sales Settlement,101082.19,credit,Sales Revenue,Payment Gateway
2025-10-11,Daily Sales Settlement,92678.39,credit,Sales Revenue,Payment Gateway
2025-10-12,Daily Sales Settlement,102253.92,credit,Sales Revenue,Payment Gateway
2025-10-12,Supplier Payment / Overheads,62514.37767489372,debit,Rent,Various Vendors
2025-10-13,Daily Sales Settlement,82940.97,credit,Sales Revenue,Payment Gateway
2025-10-14,Daily Sales Settlement,108678.49,credit,Sales Revenue,Payment Gateway
2025-10-15,Daily Sales Settlement,79221.21,credit,Sales Revenue,Payment Gateway
2025-10-15,Supplier Payment / Overheads,51115.093722241625,debit,Payroll,Various Vendors
2025-10-16,Daily Sales Settlement,88991.66,credit,Sales Revenue,Payment Gateway
2025-10-17,Daily Sales Settlement,105599.52,credit,Sales Revenue,Payment Gateway
2025-10-18,Daily Sales Settlement,86095.49,credit,Sales Revenue,Payment Gateway
2025-10-19,Daily Sales Settlement,114954.76,credit,Sales Revenue,Payment Gateway
2025-10-19,Supplier Payment / Overheads,58524.139169133116,debit,Payroll,Various Vendors
2025-10-20,Daily Sales Settlement,85175.37,credit,Sales Revenue,Payment Gateway
2025-10-21,Daily Sales Settlement,100141.94,credit,Sales Revenue,Payment Gateway
2025-10-21,Supplier Payment / Overheads,62999.24557499009,debit,Payroll,Various Vendors
2025-10-22,Daily Sales Settlement,112280.29,credit,Sales Revenue,Payment Gateway
2025-10-23,Daily Sales Settlement,93261.47,credit,Sales Revenue,Payment Gateway
2025-10-24,Daily Sales Settlement,99568.43,credit,Sales Revenue,Payment Gateway
2025-10-25,Daily Sales Settlement,96444.92,credit,Sales Revenue,Payment Gateway
2025-10-26,Daily Sales Settlement,105274.36,credit,Sales Revenue,Payment Gateway
2025-10-27,Daily Sales Settlement,115830.82,credit,Sales Revenue,Payment Gateway
2025-10-28,Daily Sales Settlement,115567.08,credit,Sales Revenue,Payment Gateway
2025-10-29,Daily Sales Settlement,114952.69,credit,Sales Revenue,Payment Gateway
2025-10-30,Daily Sales Settlement,84500.21,credit,Sales Revenue,Payment Gateway
2025-10-31,Daily Sales Settlement,114391.81,credit,Sales Revenue,Payment Gateway
2025-10-31,Supplier Payment / Overheads,52692.01133316899,debit,COGS,Various Vendors
2025-11-01,Daily Sales Settlement,112555.2,credit,Sales Revenue,Payment Gateway
2025-11-01,Supplier Payment / Overheads,56359.3818112344,debit,Rent,Various Vendors
2025-11-02,Daily Sales Settlement,120390.75,credit,Sales Revenue,Payment Gateway
2025-11-03,Daily Sales Settlement,130597.85,credit,Sales Revenue,Payment Gateway
2025-11-03,Supplier Payment / Overheads,70527.542912327,debit,COGS,Various Vendors
2025-11-04,Daily Sales Settlement,102725.12,credit,Sales Revenue,Payment Gateway
2025-11-05,Daily Sales Settlement,140682.53,credit,Sales Revenue,Payment Gateway
2025-11-06,Daily Sales Settlement,125546.31,credit,Sales Revenue,Payment Gateway
2025-11-06,Supplier Payment / Overheads,65262.13711429746,debit,COGS,Various Vendors
2025-11-07,Daily Sales Settlement,141127.39,credit,Sales Revenue,Payment Gateway
2025-11-08,Daily Sales Settlement,114466.44,credit,Sales Revenue,Payment Gateway
2025-11-09,Daily Sales Settlement,143480.95,credit,Sales Revenue,Payment Gateway
2025-11-10,Daily Sales Settlement,106272.95,credit,Sales Revenue,Payment Gateway
2025-11-11,Daily Sales Settlement,149576.99,credit,Sales Revenue,Payment Gateway
2025-11-11,Supplier Payment / Overheads,62218.95684235697,debit,Payroll,Various Vendors
2025-11-12,Daily Sales Settlement,148673.57,credit,Sales Revenue,Payment Gateway
2025-11-13,Daily Sales Settlement,149128.87,credit,Sales Revenue,Payment Gateway
2025-11-14,Daily Sales Settlement,112693.28,credit,Sales Revenue,Payment Gateway
2025-11-15,Daily Sales Settlement,130579.9,credit,Sales Revenue,Payment Gateway
2025-11-16,Daily Sales Settlement,149857.34,credit,Sales Revenue,Payment Gateway
2025-11-17,Daily Sales Settlement,121263.94,credit,Sales Revenue,Payment Gateway
2025-11-18,Daily Sales Settlement,120147.78,credit,Sales Revenue,Payment Gateway
2025-11-19,Daily Sales Settlement,137463.41,credit,Sales Revenue,Payment Gateway
2025-11-20,Daily Sales Settlement,114284.02,credit,Sales Revenue,Payment Gateway
2025-11-21,Daily Sales Settlement,111499.45,credit,Sales Revenue,Payment Gateway
2025-11-21,Supplier Payment / Overheads,76790.89802119855,debit,Payroll,Various Vendors
2025-11-22,Daily Sales Settlement,117342.73,credit,Sales Revenue,Payment Gateway
2025-11-22,Supplier Payment / Overheads,79944.65749213312,debit,Payroll,Various Vendors
2025-11-23,Daily Sales Settlement,135236.93,credit,Sales Revenue,Payment Gateway
2025-11-24,Daily Sales Settlement,153070.41,credit,Sales Revenue,Payment Gateway
2025-11-25,Daily Sales Settlement,113201.2,credit,Sales Revenue,Payment Gateway
2025-11-26,Daily Sales Settlement,152532.91,credit,Sales Revenue,Payment Gateway
2025-11-27,Daily Sales Settlement,122047.26,credit,Sales Revenue,Payment Gateway
2025-11-28,Daily Sales Settlement,110356.83,credit,Sales Revenue,Payment Gateway
2025-11-29,Daily Sales Settlement,126818.36,credit,Sales Revenue,Payment Gateway
2025-11-30,Daily Sales Settlement,138421.24,credit,Sales Revenue,Payment Gateway
2025-12-01,Daily Sales Settlement,136002.48,credit,Sales Revenue,Payment Gateway
2025-12-02,Daily Sales Settlement,132241.16,credit,Sales Revenue,Payment Gateway
2025-12-03,Daily Sales Settlement,153479.86,credit,Sales Revenue,Payment Gateway
2025-12-04,Daily Sales Settlement,115514.6,credit,Sales Revenue,Payment Gateway
2025-12-04,Supplier Payment / Overheads,51171.243229606924,debit,Marketing,Various Vendors
2025-12-05,Daily Sales Settlement,114142.65,credit,Sales Revenue,Payment Gateway
2025-12-06,Daily Sales Settlement,110039.65,credit,Sales Revenue,Payment Gateway
2025-12-07,Daily Sales Settlement,116348.35,credit,Sales Revenue,Payment Gateway
2025-12-08,Daily Sales Settlement,138092.73,credit,Sales Revenue,Payment Gateway
2025-12-09,Daily Sales Settlement,117721.35,credit,Sales Revenue,Payment Gateway
2025-12-10,Daily Sales Settlement,120540.36,credit,Sales Revenue,Payment Gateway
2025-12-11,Daily Sales Settlement,139564.97,credit,Sales Revenue,Payment Gateway
2025-12-11,Supplier Payment / Overheads,63312.28256190124,debit,Rent,Various Vendors
2025-12-12,Daily Sales Settlement,128238.43,credit,Sales Revenue,Payment Gateway
2025-12-12,Supplier Payment / Overheads,58114.064144700045,debit,COGS,Various Vendors
2025-12-13,Daily Sales Settlement,150638.91,credit,Sales Revenue,Payment Gateway
2025-12-14,Daily Sales Settlement,126199.84,credit,Sales Revenue,Payment Gateway
2025-12-14,Supplier Payment / Overheads,45147.14000349368,debit,COGS,Various Vendors
2025-12-15,Daily Sales Settlement,112508.72,credit,Sales Revenue,Payment Gateway
2025-12-16,Daily Sales Settlement,112299.74,credit,Sales Revenue,Payment Gateway
2025-12-17,Daily Sales Settlement,109813.61,credit,Sales Revenue,Payment Gateway
2025-12-18,Daily Sales Settlement,106194.17,credit,Sales Revenue,Payment Gateway
2025-12-19,Daily Sales Settlement,149981.75,credit,Sales Revenue,Payment Gateway
2025-12-20,Daily Sales Settlement,125038.6,credit,Sales Revenue,Payment Gateway
2025-12-21,Daily Sales Settlement,107243.53,credit,Sales Revenue,Payment Gateway
2025-12-22,Daily Sales Settlement,133589.81,credit,Sales Revenue,Payment Gateway
2025-12-23,Daily Sales Settlement,109993.12,credit,Sales Revenue,Payment Gateway
2025-12-24,Daily Sales Settlement,124946.09,credit,Sales Revenue,Payment Gateway
2025-12-24,Supplier Payment / Overheads,54176.40944551018,debit,Rent,Various Vendors
2025-12-25,Daily Sales Settlement,149484.79,credit,Sales Revenue,Payment Gateway
2025-12-26,Daily Sales Settlement,140541.01,credit,Sales Revenue,Payment Gateway
2025-12-26,Supplier Payment / Overheads,57707.78805199458,debit,COGS,Various Vendors
2025-12-27,Daily Sales Settlement,149815.73,credit,Sales Revenue,Payment Gateway
2025-12-27,Supplier Payment / Overheads,62663.949283454174,debit,Rent,Various Vendors
2025-12-28,Daily Sales Settlement,114426.78,credit,Sales Revenue,Payment Gateway
2025-12-29,Daily Sales Settlement,129830.83,credit,Sales Revenue,Payment Gateway
2025-12-30,Daily Sales Settlement,106660.35,credit,Sales Revenue,Payment Gateway
2025-12-31,Daily Sales Settlement,105826.13,credit,Sales Revenue,Payment Gateway
2025-12-31,Supplier Payment / Overheads,58877.44774727975,debit,COGS,Various Vendors
2026-01-01,Daily Sales Settlement,151722.18,credit,Sales Revenue,Payment Gateway
2026-01-02,Daily Sales Settlement,127314.57,credit,Sales Revenue,Payment Gateway
2026-01-03,Daily Sales Settlement,127638.0,credit,Sales Revenue,Payment Gateway
2026-01-04,Daily Sales Settlement,122313.56,credit,Sales Revenue,Payment Gateway
2026-01-05,Daily Sales Settlement,134213.92,credit,Sales Revenue,Payment Gateway
2026-01-05,Supplier Payment / Overheads,55088.74220032632,debit,Marketing,Various Vendors
2026-01-06,Daily Sales Settlement,114233.28,credit,Sales Revenue,Payment Gateway
2026-01-06,Supplier Payment / Overheads,63306.85773813344,debit,COGS,Various Vendors
2026-01-07,Daily Sales Settlement,125127.96,credit,Sales Revenue,Payment Gateway
2026-01-08,Daily Sales Settlement,118481.73,credit,Sales Revenue,Payment Gateway
2026-01-09,Daily Sales Settlement,130359.16,credit,Sales Revenue,Payment Gateway
2026-01-10,Daily Sales Settlement,106686.2,credit,Sales Revenue,Payment Gateway
2026-01-11,Daily Sales Settlement,120083.28,credit,Sales Revenue,Payment Gateway
2026-01-11,Supplier Payment / Overheads,49765.27955659279,debit,Payroll,Various Vendors
2026-01-12,Daily Sales Settlement,119945.87,credit,Sales Revenue,Payment Gateway
2026-01-12,Supplier Payment / Overheads,60002.87154073874,debit,Marketing,Various Vendors
2026-01-13,Daily Sales Settlement,137824.92,credit,Sales Revenue,Payment Gateway
2026-01-14,Daily Sales Settlement,135838.49,credit,Sales Revenue,Payment Gateway
2026-01-15,Daily Sales Settlement,116928.49,credit,Sales Revenue,Payment Gateway
2026-01-16,Daily Sales Settlement,154579.64,credit,Sales Revenue,Payment Gateway
2026-01-17,Daily Sales Settlement,136551.08,credit,Sales Revenue,Payment Gateway
2026-01-18,Daily Sales Settlement,115187.01,credit,Sales Revenue,Payment Gateway
2026-01-18,Supplier Payment / Overheads,71839.3611704802,debit,Rent,Various Vendors
2026-01-19,Daily Sales Settlement,149214.97,credit,Sales Revenue,Payment Gateway
2026-01-19,Supplier Payment / Overheads,78642.30451223777,debit,COGS,Various Vendors
2026-01-20,Daily Sales Settlement,142799.13,credit,Sales Revenue,Payment Gateway
2026-01-20,Supplier Payment / Overheads,79543.82848866262,debit,Marketing,Various Vendors
2026-01-21,Daily Sales Settlement,107832.68,credit,Sales Revenue,Payment Gateway
2026-01-22,Daily Sales Settlement,146512.96,credit,Sales Revenue,Payment Gateway
2026-01-23,Daily Sales Settlement,134303.58,credit,Sales Revenue,Payment Gateway
2026-01-24,Daily Sales Settlement,157023.54,credit,Sales Revenue,Payment Gateway
2026-01-25,Daily Sales Settlement,109615.1,credit,Sales Revenue,Payment Gateway
2026-01-26,Daily Sales Settlement,130828.48,credit,Sales Revenue,Payment Gateway
2026-01-27,Daily Sales Settlement,123782.4,credit,Sales Revenue,Payment Gateway
2026-01-27,Supplier Payment / Overheads,54632.040030386976,debit,Payroll,Various Vendors
2026-01-28,Daily Sales Settlement,113548.8,credit,Sales Revenue,Payment Gateway
2026-01-28,Supplier Payment / Overheads,60784.824031414944,debit,COGS,Various Vendors
2026-01-29,Daily Sales Settlement,142979.83,credit,Sales Revenue,Payment Gateway
2026-01-30,Daily Sales Settlement,141836.74,credit,Sales Revenue,Payment Gateway
2026-01-31,Daily Sales Settlement,109467.32,credit,Sales Revenue,Payment Gateway
2026-01-31,Supplier Payment / Overheads,58900.29105225169,debit,Payroll,Various Vendors
2026-02-01,Daily Sales Settlement,114459.16,credit,Sales Revenue,Payment Gateway
2026-02-01,Supplier Payment / Overheads,53635.009750374986,debit,Payroll,Various Vendors
2026-02-02,Daily Sales Settlement,109668.36,credit,Sales Revenue,Payment Gateway
2026-02-03,Daily Sales Settlement,108493.85,credit,Sales Revenue,Payment Gateway
2026-02-03,Supplier Payment / Overheads,61319.57108997915,debit,Payroll,Various Vendors
2026-02-04,Daily Sales Settlement,97078.43,credit,Sales Revenue,Payment Gateway
2026-02-05,Daily Sales Settlement,107634.28,credit,Sales Revenue,Payment Gateway
2026-02-06,Daily Sales Settlement,107203.38,credit,Sales Revenue,Payment Gateway
2026-02-07,Daily Sales Settlement,101979.9,credit,Sales Revenue,Payment Gateway
2026-02-08,Daily Sales Settlement,116505.17,credit,Sales Revenue,Payment Gateway
2026-02-09,Daily Sales Settlement,86998.11,credit,Sales Revenue,Payment Gateway
2026-02-10,Daily Sales Settlement,108396.91,credit,Sales Revenue,Payment Gateway
2026-02-11,Daily Sales Settlement,100784.49,credit,Sales Revenue,Payment Gateway
2026-02-12,Daily Sales Settlement,115744.41,credit,Sales Revenue,Payment Gateway
2026-02-12,Supplier Payment / Overheads,81234.47326344474,debit,Marketing,Various Vendors
2026-02-13,Daily Sales Settlement,122109.43,credit,Sales Revenue,Payment Gateway
2026-02-13,Supplier Payment / Overheads,51456.74631759568,debit,Payroll,Various Vendors
2026-02-14,Daily Sales Settlement,95335.6,credit,Sales Revenue,Payment Gateway
2026-02-15,Daily Sales Settlement,106883.89,credit,Sales Revenue,Payment Gateway
2026-02-15,Supplier Payment / Overheads,64250.69046863132,debit,COGS,Various Vendors
2026-02-16,Daily Sales Settlement,106478.29,credit,Sales Revenue,Payment Gateway
2026-02-16,Supplier Payment / Overheads,57725.81452891206,debit,Rent,Various Vendors
2026-02-17,Daily Sales Settlement,119362.58,credit,Sales Revenue,Payment Gateway
2026-02-18,Daily Sales Settlement,109070.23,credit,Sales Revenue,Payment Gateway
2026-02-18,Supplier Payment / Overheads,79425.1358711077,debit,Marketing,Various Vendors
2026-02-19,Daily Sales Settlement,87764.6,credit,Sales Revenue,Payment Gateway
2026-02-20,Daily Sales Settlement,119972.8,credit,Sales Revenue,Payment Gateway
2026-02-21,Daily Sales Settlement,115323.52,credit,Sales Revenue,Payment Gateway
2026-02-22,Daily Sales Settlement,117086.49,credit,Sales Revenue,Payment Gateway
2026-02-22,Supplier Payment / Overheads,42006.121132994456,debit,Rent,Various Vendors
2026-02-23,Daily Sales Settlement,95081.61,credit,Sales Revenue,Payment Gateway
2026-02-24,Daily Sales Settlement,109666.12,credit,Sales Revenue,Payment Gateway
2026-02-24,Supplier Payment / Overheads,47033.56643927235,debit,Payroll,Various Vendors
2026-02-25,Daily Sales Settlement,98654.76,credit,Sales Revenue,Payment Gateway
2026-02-25,Supplier Payment / Overheads,60543.145516794786,debit,Payroll,Various Vendors
2026-02-26,Daily Sales Settlement,89314.34,credit,Sales Revenue,Payment Gateway
2026-02-26,Supplier Payment / Overheads,36758.24504643974,debit,COGS,Various Vendors
2026-02-27,Daily Sales Settlement,114028.23,credit,Sales Revenue,Payment Gateway
2026-02-27,Supplier Payment / Overheads,43835.52977727857,debit,Rent,Various Vendors
2026-02-28,Daily Sales Settlement,83960.7,credit,Sales Revenue,Payment Gateway
2026-02-28,Supplier Payment / Overheads,47921.89210482361,debit,COGS,Various Vendors
2026-03-01,Daily Sales Settlement,108484.69,credit,Sales Revenue,Payment Gateway
2026-03-01,Supplier Payment / Overheads,61795.14550777547,debit,Marketing,Various Vendors
2026-03-02,Daily Sales Settlement,94180.2,credit,Sales Revenue,Payment Gateway
2026-03-03,Daily Sales Settlement,85291.7,credit,Sales Revenue,Payment Gateway
2026-03-04,Daily Sales Settlement,92726.17,credit,Sales Revenue,Payment Gateway
2026-03-04,Supplier Payment / Overheads,54605.37356912529,debit,Rent,Various Vendors
2026-03-05,Daily Sales Settlement,89492.29,credit,Sales Revenue,Payment Gateway
2026-03-06,Daily Sales Settlement,89008.18,credit,Sales Revenue,Payment Gateway
2026-03-07,Daily Sales Settlement,119742.52,credit,Sales Revenue,Payment Gateway
2026-03-08,Daily Sales Settlement,119547.27,credit,Sales Revenue,Payment Gateway
2026-03-09,Daily Sales Settlement,95124.15,credit,Sales Revenue,Payment Gateway
2026-03-09,Supplier Payment / Overheads,59708.61957752199,debit,Payroll,Various Vendors
2026-03-10,Daily Sales Settlement,100587.44,credit,Sales Revenue,Payment Gateway
2026-03-10,Supplier Payment / Overheads,40328.90604675646,debit,COGS,Various Vendors
2026-03-11,Daily Sales Settlement,116865.77,credit,Sales Revenue,Payment Gateway
2026-03-11,Supplier Payment / Overheads,79615.19918912966,debit,Marketing,Various Vendors
2026-03-12,Daily Sales Settlement,94605.89,credit,Sales Revenue,Payment Gateway
2026-03-13,Daily Sales Settlement,122678.45,credit,Sales Revenue,Payment Gateway
2026-03-14,Daily Sales Settlement,94504.16,credit,Sales Revenue,Payment Gateway
2026-03-14,Supplier Payment / Overheads,61809.64818801851,debit,Payroll,Various Vendors
2026-03-15,Daily Sales Settlement,122275.19,credit,Sales Revenue,Payment Gateway
2026-03-16,Daily Sales Settlement,85667.69,credit,Sales Revenue,Payment Gateway
2026-03-17,Daily Sales Settlement,98579.97,credit,Sales Revenue,Payment Gateway
2026-03-17,Supplier Payment / Overheads,39039.05248984364,debit,Rent,Various Vendors
2026-03-18,Daily Sales Settlement,106674.84,credit,Sales Revenue,Payment Gateway
2026-03-19,Daily Sales Settlement,118189.32,credit,Sales Revenue,Payment Gateway
2026-03-19,Supplier Payment / Overheads,53614.96766325181,debit,Marketing,Various Vendors
2026-03-20,Daily Sales Settlement,123774.49,credit,Sales Revenue,Payment Gateway
